cell_line,bid1870,bortezomib,crizotinib,docetaxel,doxorubicin,erlotinib,gdc0941,gemcitabine,irinotecan,lapatinib,ms275,paclitaxel,pd0325901,rapamycin,thapsigargin,vorinostat
928mel,resistant,sensitive,resistant,no-call,sensitive,no-call,resistant,sensitive,sensitive,no-call,no-call,no-call,sensitive,resistant,resistant,no-call
pe01,sensitive,sensitive,resistant,no-call,no-call,no-call,resistant,sensitive,sensitive,no-call,resistant,no-call,no-call,resistant,sensitive,resistant
pk45h,resistant,no-call,resistant,no-call,resistant,resistant,no-call,resistant,resistant,no-call,no-call,no-call,sensitive,no-call,resistant,resistant
ht1080,resistant,sensitive,resistant,sensitive,sensitive,sensitive,resistant,sensitive,sensitive,no-call,resistant,sensitive,no-call,resistant,sensitive,sensitive
ga10,no-call,no-call,no-call,no-call,sensitive,sensitive,sensitive,sensitive,sensitive,resistant,sensitive,sensitive,resistant,sensitive,sensitive,sensitive
du145,sensitive,no-call,resistant,no-call,no-call,sensitive,no-call,sensitive,sensitive,sensitive,sensitive,no-call,sensitive,sensitive,sensitive,sensitive
ocim1,no-call,sensitive,no-call,no-call,sensitive,resistant,resistant,sensitive,sensitive,resistant,no-call,no-call,sensitive,no-call,sensitive,sensitive
tk10,no-call,sensitive,resistant,no-call,resistant,sensitive,no-call,no-call,resistant,sensitive,no-call,resistant,no-call,no-call,no-call,no-call
t98g,no-call,resistant,resistant,sensitive,no-call,no-call,sensitive,no-call,resistant,no-call,sensitive,sensitive,no-call,sensitive,sensitive,resistant
ln18,no-call,no-call,resistant,no-call,no-call,resistant,resistant,sensitive,no-call,no-call,no-call,resistant,resistant,sensitive,no-call,resistant
snuc1,no-call,resistant,resistant,resistant,resistant,no-call,resistant,resistant,resistant,resistant,resistant,resistant,sensitive,resistant,resistant,resistant
ntera2,sensitive,sensitive,no-call,sensitive,sensitive,sensitive,sensitive,sensitive,sensitive,sensitive,resistant,sensitive,no-call,sensitive,sensitive,sensitive
skmel28,no-call,sensitive,resistant,resistant,no-call,resistant,no-call,resistant,resistant,no-call,sensitive,resistant,sensitive,resistant,resistant,resistant
sw1990,sensitive,resistant,resistant,no-call,resistant,no-call,resistant,resistant,sensitive,resistant,sensitive,no-call,sensitive,resistant,sensitive,resistant
kms34,resistant,no-call,resistant,no-call,no-call,resistant,sensitive,sensitive,sensitive,resistant,resistant,no-call,resistant,sensitive,no-call,sensitive
kp4,resistant,no-call,sensitive,sensitive,sensitive,resistant,resistant,no-call,no-call,no-call,sensitive,sensitive,no-call,no-call,no-call,no-call
hel,resistant,sensitive,resistant,resistant,sensitive,resistant,resistant,sensitive,sensitive,resistant,resistant,no-call,resistant,no-call,resistant,sensitive
tmd8,resistant,resistant,resistant,sensitive,sensitive,no-call,sensitive,sensitive,sensitive,resistant,resistant,sensitive,no-call,sensitive,no-call,sensitive
hcc1143,no-call,no-call,resistant,no-call,resistant,no-call,resistant,no-call,resistant,resistant,resistant,no-call,no-call,no-call,resistant,no-call
jiyoye,resistant,sensitive,resistant,sensitive,sensitive,no-call,no-call,sensitive,sensitive,,resistant,sensitive,resistant,sensitive,no-call,sensitive
caki1,no-call,resistant,resistant,resistant,resistant,sensitive,no-call,no-call,sensitive,no-call,no-call,resistant,no-call,no-call,sensitive,sensitive
c2bbe1,no-call,resistant,resistant,resistant,resistant,sensitive,resistant,resistant,resistant,no-call,resistant,resistant,no-call,resistant,no-call,no-call
hs294t,no-call,no-call,resistant,sensitive,sensitive,sensitive,resistant,sensitive,no-call,no-call,sensitive,sensitive,sensitive,no-call,sensitive,sensitive
colo320dm,resistant,resistant,resistant,resistant,resistant,no-call,resistant,no-call,resistant,resistant,resistant,resistant,resistant,resistant,resistant,sensitive
c170,no-call,sensitive,resistant,resistant,resistant,no-call,no-call,resistant,no-call,resistant,resistant,resistant,sensitive,no-call,resistant,no-call
mdamb231,no-call,no-call,resistant,resistant,no-call,resistant,resistant,no-call,resistant,resistant,sensitive,no-call,sensitive,resistant,no-call,no-call
hcc15,no-call,no-call,resistant,sensitive,no-call,resistant,resistant,no-call,resistant,no-call,sensitive,sensitive,sensitive,resistant,sensitive,no-call
jhh1,resistant,sensitive,resistant,resistant,no-call,sensitive,no-call,resistant,resistant,sensitive,no-call,resistant,sensitive,no-call,sensitive,sensitive
opm2,resistant,no-call,resistant,sensitive,no-call,resistant,resistant,resistant,no-call,resistant,resistant,sensitive,no-call,sensitive,sensitive,sensitive
igrov1,resistant,sensitive,resistant,sensitive,sensitive,sensitive,sensitive,sensitive,sensitive,sensitive,sensitive,sensitive,sensitive,sensitive,sensitive,sensitive
ov7,resistant,resistant,resistant,no-call,resistant,resistant,resistant,no-call,no-call,resistant,sensitive,no-call,no-call,no-call,resistant,no-call
hcc4017,no-call,no-call,resistant,sensitive,no-call,resistant,resistant,no-call,no-call,resistant,no-call,no-call,no-call,resistant,no-call,no-call
colo205,no-call,no-call,resistant,no-call,sensitive,resistant,resistant,no-call,no-call,resistant,sensitive,no-call,sensitive,resistant,no-call,resistant
ejm,resistant,sensitive,resistant,no-call,no-call,resistant,resistant,sensitive,no-call,resistant,sensitive,no-call,resistant,resistant,sensitive,sensitive
t47d,resistant,sensitive,resistant,resistant,resistant,no-call,no-call,resistant,no-call,no-call,resistant,resistant,resistant,resistant,resistant,no-call
g22,resistant,resistant,resistant,resistant,sensitive,,resistant,no-call,no-call,resistant,sensitive,resistant,resistant,no-call,resistant,resistant
kmm1,resistant,sensitive,resistant,sensitive,no-call,sensitive,no-call,no-call,no-call,resistant,sensitive,sensitive,sensitive,sensitive,sensitive,sensitive
snu423,sensitive,resistant,resistant,sensitive,no-call,no-call,no-call,no-call,no-call,no-call,resistant,sensitive,resistant,no-call,sensitive,no-call
sw982,resistant,sensitive,resistant,sensitive,sensitive,sensitive,no-call,sensitive,sensitive,no-call,resistant,sensitive,no-call,resistant,sensitive,no-call
colo818,sensitive,sensitive,resistant,resistant,resistant,resistant,no-call,resistant,resistant,resistant,resistant,resistant,sensitive,no-call,no-call,resistant
kp3,no-call,sensitive,resistant,resistant,resistant,no-call,resistant,resistant,resistant,no-call,sensitive,resistant,no-call,resistant,no-call,resistant
klm1,no-call,resistant,resistant,no-call,no-call,no-call,resistant,resistant,no-call,no-call,resistant,no-call,no-call,resistant,no-call,resistant
cfpac1,no-call,sensitive,resistant,resistant,no-call,no-call,no-call,sensitive,sensitive,no-call,sensitive,no-call,no-call,no-call,no-call,no-call
rt112,sensitive,sensitive,resistant,sensitive,sensitive,no-call,no-call,sensitive,no-call,no-call,sensitive,sensitive,sensitive,sensitive,sensitive,sensitive
mcf10a,resistant,no-call,resistant,no-call,sensitive,sensitive,no-call,no-call,no-call,no-call,sensitive,sensitive,sensitive,no-call,sensitive,no-call
miapaca2,resistant,resistant,resistant,no-call,no-call,resistant,resistant,no-call,no-call,resistant,no-call,no-call,sensitive,resistant,sensitive,sensitive
rec1,resistant,sensitive,resistant,resistant,resistant,resistant,no-call,sensitive,sensitive,no-call,no-call,resistant,resistant,no-call,resistant,sensitive
skco1,resistant,sensitive,no-call,no-call,no-call,no-call,no-call,sensitive,sensitive,no-call,no-call,no-call,sensitive,no-call,sensitive,resistant
hmy1,no-call,no-call,resistant,resistant,no-call,no-call,resistant,resistant,resistant,resistant,sensitive,resistant,sensitive,no-call,resistant,no-call
es2,no-call,no-call,resistant,sensitive,sensitive,resistant,resistant,sensitive,sensitive,resistant,no-call,no-call,sensitive,resistant,sensitive,sensitive
a673,no-call,no-call,resistant,sensitive,no-call,resistant,no-call,sensitive,sensitive,resistant,resistant,no-call,resistant,sensitive,sensitive,sensitive
hepg2,resistant,sensitive,resistant,resistant,resistant,no-call,no-call,resistant,resistant,no-call,resistant,resistant,sensitive,resistant,resistant,resistant
mv411,no-call,sensitive,resistant,sensitive,sensitive,resistant,resistant,sensitive,sensitive,resistant,resistant,sensitive,sensitive,resistant,sensitive,sensitive
yapc,no-call,resistant,no-call,resistant,resistant,no-call,resistant,no-call,no-call,resistant,sensitive,resistant,no-call,resistant,resistant,resistant
molp8,resistant,no-call,no-call,no-call,sensitive,resistant,no-call,sensitive,sensitive,resistant,resistant,no-call,no-call,sensitive,sensitive,sensitive
eb1,resistant,sensitive,resistant,sensitive,sensitive,resistant,no-call,sensitive,sensitive,resistant,no-call,sensitive,resistant,sensitive,sensitive,no-call
caski,sensitive,sensitive,resistant,no-call,no-call,sensitive,resistant,no-call,no-call,sensitive,resistant,no-call,no-call,no-call,sensitive,no-call
achn,sensitive,sensitive,resistant,resistant,no-call,sensitive,no-call,sensitive,sensitive,sensitive,resistant,resistant,no-call,no-call,no-call,no-call
vmrclcd,resistant,resistant,resistant,no-call,resistant,resistant,resistant,resistant,resistant,resistant,no-call,no-call,resistant,resistant,resistant,sensitive
grm,resistant,sensitive,resistant,sensitive,sensitive,sensitive,resistant,sensitive,sensitive,sensitive,sensitive,sensitive,sensitive,sensitive,sensitive,sensitive
snu620,no-call,sensitive,sensitive,sensitive,no-call,resistant,resistant,no-call,no-call,resistant,resistant,sensitive,sensitive,resistant,sensitive,no-call
efm19,resistant,sensitive,resistant,no-call,resistant,resistant,sensitive,resistant,resistant,resistant,resistant,no-call,resistant,no-call,resistant,sensitive
wsufsccl,resistant,sensitive,sensitive,sensitive,sensitive,resistant,no-call,sensitive,sensitive,resistant,resistant,sensitive,resistant,resistant,no-call,no-call
jj012dodx,resistant,resistant,resistant,resistant,sensitive,no-call,resistant,no-call,no-call,no-call,sensitive,no-call,resistant,resistant,resistant,no-call
cal51,resistant,no-call,resistant,sensitive,sensitive,no-call,no-call,sensitive,sensitive,no-call,no-call,sensitive,no-call,sensitive,sensitive,sensitive
hca7,sensitive,sensitive,resistant,resistant,resistant,sensitive,no-call,resistant,resistant,sensitive,resistant,resistant,sensitive,resistant,resistant,sensitive
snu16,no-call,sensitive,resistant,sensitive,sensitive,resistant,resistant,sensitive,sensitive,resistant,sensitive,sensitive,resistant,resistant,sensitive,no-call
sk23,no-call,no-call,resistant,sensitive,no-call,resistant,resistant,no-call,no-call,no-call,sensitive,sensitive,sensitive,resistant,no-call,sensitive
hcc2885,resistant,no-call,resistant,resistant,resistant,resistant,resistant,resistant,no-call,no-call,no-call,resistant,no-call,resistant,resistant,resistant
skmel2,no-call,no-call,resistant,resistant,resistant,resistant,resistant,resistant,resistant,resistant,resistant,resistant,sensitive,resistant,resistant,sensitive
bicr22,sensitive,resistant,resistant,sensitive,sensitive,sensitive,resistant,no-call,sensitive,sensitive,no-call,sensitive,no-call,no-call,sensitive,resistant
mkn74,sensitive,no-call,resistant,no-call,resistant,resistant,resistant,resistant,resistant,no-call,resistant,no-call,sensitive,resistant,sensitive,resistant
ymb1e,resistant,resistant,resistant,resistant,resistant,resistant,resistant,resistant,resistant,resistant,resistant,resistant,resistant,no-call,no-call,resistant
chp212,sensitive,sensitive,sensitive,no-call,sensitive,no-call,no-call,sensitive,sensitive,no-call,sensitive,no-call,sensitive,no-call,sensitive,sensitive
rt4,resistant,sensitive,resistant,resistant,no-call,resistant,resistant,sensitive,no-call,resistant,sensitive,no-call,resistant,resistant,no-call,resistant
lp1,no-call,sensitive,resistant,sensitive,resistant,resistant,no-call,resistant,resistant,no-call,resistant,sensitive,resistant,no-call,sensitive,no-call
tccpan2,no-call,resistant,resistant,resistant,resistant,resistant,no-call,resistant,resistant,resistant,no-call,resistant,sensitive,resistant,resistant,resistant
kyse520,no-call,no-call,resistant,sensitive,no-call,sensitive,no-call,no-call,resistant,sensitive,no-call,no-call,no-call,no-call,no-call,no-call
hcc89,resistant,sensitive,resistant,resistant,resistant,resistant,resistant,resistant,resistant,no-call,no-call,resistant,resistant,resistant,resistant,resistant
mdamb436,no-call,no-call,resistant,no-call,no-call,resistant,resistant,no-call,no-call,resistant,resistant,no-call,resistant,no-call,no-call,resistant
skmel1,no-call,resistant,resistant,resistant,resistant,resistant,resistant,resistant,resistant,resistant,resistant,resistant,sensitive,resistant,resistant,no-call
kyse270,no-call,no-call,resistant,resistant,sensitive,sensitive,no-call,no-call,no-call,sensitive,no-call,no-call,no-call,resistant,resistant,resistant
melho,resistant,sensitive,no-call,no-call,sensitive,resistant,no-call,no-call,no-call,no-call,sensitive,no-call,sensitive,sensitive,resistant,sensitive
evsat,no-call,no-call,resistant,no-call,resistant,resistant,no-call,resistant,resistant,resistant,no-call,no-call,resistant,no-call,no-call,sensitive
rkn,no-call,sensitive,resistant,sensitive,no-call,resistant,no-call,no-call,sensitive,resistant,resistant,no-call,sensitive,no-call,resistant,no-call
patu8988s,no-call,resistant,resistant,resistant,resistant,no-call,resistant,resistant,resistant,resistant,no-call,resistant,sensitive,resistant,resistant,resistant
set2,resistant,sensitive,no-call,no-call,no-call,resistant,resistant,sensitive,sensitive,resistant,resistant,no-call,resistant,resistant,resistant,sensitive
a498,no-call,no-call,resistant,no-call,no-call,sensitive,resistant,no-call,no-call,no-call,no-call,resistant,no-call,no-call,resistant,resistant
umuc3,no-call,no-call,resistant,no-call,resistant,resistant,no-call,sensitive,sensitive,no-call,resistant,no-call,no-call,sensitive,no-call,resistant
nalm6,resistant,sensitive,no-call,sensitive,sensitive,resistant,sensitive,sensitive,sensitive,resistant,resistant,sensitive,no-call,resistant,sensitive,sensitive
lxf289,sensitive,no-call,resistant,sensitive,no-call,no-call,no-call,no-call,no-call,sensitive,resistant,sensitive,no-call,resistant,sensitive,no-call
g124,no-call,resistant,resistant,resistant,resistant,resistant,no-call,resistant,resistant,resistant,resistant,resistant,no-call,no-call,sensitive,resistant
ocum1,no-call,resistant,resistant,no-call,no-call,resistant,resistant,no-call,sensitive,resistant,resistant,no-call,sensitive,resistant,resistant,resistant
tc71,sensitive,sensitive,sensitive,sensitive,sensitive,no-call,sensitive,sensitive,sensitive,no-call,no-call,sensitive,resistant,sensitive,sensitive,sensitive
snu398,no-call,no-call,no-call,sensitive,no-call,resistant,resistant,no-call,no-call,no-call,resistant,sensitive,no-call,sensitive,sensitive,no-call
jimt1,no-call,resistant,resistant,no-call,resistant,no-call,no-call,resistant,resistant,no-call,resistant,no-call,resistant,no-call,no-call,resistant
wm2664,sensitive,resistant,resistant,no-call,sensitive,no-call,no-call,sensitive,sensitive,no-call,sensitive,no-call,sensitive,no-call,no-call,no-call
colo829,resistant,sensitive,resistant,resistant,sensitive,resistant,resistant,sensitive,no-call,resistant,sensitive,no-call,sensitive,resistant,resistant,sensitive
snu449,,resistant,resistant,resistant,,no-call,resistant,,resistant,,resistant,resistant,resistant,resistant,resistant,no-call
colo741,no-call,sensitive,resistant,no-call,no-call,no-call,resistant,no-call,no-call,no-call,resistant,no-call,sensitive,resistant,no-call,no-call
g120,sensitive,resistant,resistant,no-call,no-call,sensitive,sensitive,resistant,resistant,no-call,no-call,sensitive,no-call,no-call,resistant,resistant
a549,no-call,resistant,resistant,sensitive,sensitive,sensitive,no-call,sensitive,no-call,no-call,no-call,no-call,sensitive,sensitive,sensitive,no-call
sw527,no-call,no-call,resistant,resistant,no-call,resistant,no-call,resistant,no-call,no-call,resistant,resistant,no-call,no-call,sensitive,sensitive
gp5d,resistant,no-call,resistant,resistant,no-call,no-call,no-call,resistant,resistant,resistant,sensitive,no-call,no-call,resistant,resistant,resistant
skov3,sensitive,resistant,resistant,no-call,resistant,sensitive,no-call,resistant,no-call,no-call,sensitive,no-call,resistant,resistant,no-call,no-call
sknfi,no-call,no-call,resistant,resistant,resistant,resistant,no-call,resistant,resistant,resistant,sensitive,resistant,no-call,resistant,no-call,no-call
huh7,no-call,resistant,resistant,resistant,resistant,no-call,resistant,resistant,resistant,no-call,resistant,resistant,no-call,sensitive,sensitive,no-call
ipc298,sensitive,sensitive,resistant,no-call,sensitive,no-call,no-call,sensitive,no-call,no-call,sensitive,no-call,sensitive,no-call,sensitive,no-call
eb3,resistant,resistant,resistant,resistant,no-call,resistant,resistant,resistant,no-call,resistant,resistant,no-call,resistant,sensitive,resistant,no-call
g28t,no-call,no-call,resistant,sensitive,sensitive,resistant,resistant,sensitive,no-call,no-call,no-call,sensitive,resistant,no-call,sensitive,sensitive
corl88,no-call,resistant,resistant,resistant,resistant,resistant,resistant,resistant,resistant,resistant,resistant,resistant,resistant,resistant,resistant,sensitive
hupt3,no-call,sensitive,resistant,resistant,no-call,sensitive,resistant,no-call,no-call,resistant,sensitive,resistant,sensitive,resistant,resistant,sensitive
hcc4011,no-call,sensitive,no-call,resistant,resistant,sensitive,resistant,no-call,no-call,no-call,no-call,resistant,no-call,resistant,resistant,no-call
lclc103h,no-call,sensitive,resistant,sensitive,no-call,resistant,resistant,resistant,no-call,no-call,resistant,sensitive,resistant,resistant,no-call,no-call
g96,no-call,resistant,resistant,no-call,no-call,resistant,no-call,no-call,no-call,resistant,sensitive,no-call,no-call,no-call,no-call,resistant
kpl1,resistant,resistant,resistant,resistant,resistant,resistant,sensitive,resistant,resistant,resistant,resistant,resistant,resistant,sensitive,sensitive,no-call
hcc461,no-call,no-call,resistant,resistant,no-call,no-call,no-call,resistant,resistant,no-call,no-call,no-call,no-call,no-call,sensitive,resistant
igr37,sensitive,no-call,resistant,sensitive,no-call,no-call,resistant,sensitive,sensitive,no-call,sensitive,sensitive,sensitive,no-call,resistant,sensitive
lovo,no-call,no-call,sensitive,no-call,no-call,sensitive,no-call,no-call,no-call,no-call,resistant,no-call,sensitive,resistant,no-call,no-call
g121,resistant,no-call,resistant,sensitive,sensitive,no-call,resistant,sensitive,sensitive,resistant,sensitive,no-call,no-call,no-call,sensitive,no-call
u698m,resistant,sensitive,resistant,sensitive,sensitive,resistant,resistant,sensitive,sensitive,no-call,sensitive,sensitive,resistant,sensitive,sensitive,sensitive
siha,no-call,no-call,resistant,no-call,no-call,no-call,resistant,resistant,resistant,resistant,resistant,no-call,resistant,no-call,resistant,resistant
sum149pt,no-call,no-call,resistant,sensitive,no-call,sensitive,no-call,no-call,resistant,sensitive,resistant,sensitive,no-call,no-call,sensitive,resistant
rerflckj,no-call,resistant,resistant,sensitive,no-call,no-call,no-call,no-call,resistant,no-call,no-call,no-call,no-call,sensitive,resistant,resistant
hcc1187,resistant,sensitive,resistant,sensitive,no-call,resistant,resistant,resistant,resistant,resistant,resistant,sensitive,resistant,resistant,resistant,no-call
snu475,no-call,resistant,resistant,resistant,resistant,no-call,no-call,resistant,no-call,no-call,resistant,no-call,resistant,sensitive,resistant,resistant
bt549,no-call,sensitive,resistant,sensitive,sensitive,no-call,resistant,no-call,sensitive,no-call,resistant,sensitive,resistant,no-call,no-call,resistant
u2os,no-call,no-call,resistant,no-call,no-call,no-call,no-call,resistant,resistant,no-call,no-call,no-call,no-call,sensitive,no-call,sensitive
hs578t,resistant,sensitive,resistant,sensitive,no-call,resistant,resistant,resistant,resistant,resistant,no-call,sensitive,resistant,no-call,no-call,resistant
jhh4,no-call,resistant,resistant,resistant,resistant,sensitive,no-call,no-call,no-call,no-call,resistant,resistant,no-call,no-call,no-call,no-call
g130,no-call,resistant,resistant,resistant,no-call,resistant,resistant,resistant,resistant,resistant,sensitive,resistant,resistant,resistant,resistant,resistant
rko,sensitive,sensitive,resistant,sensitive,sensitive,resistant,resistant,sensitive,sensitive,no-call,no-call,sensitive,sensitive,sensitive,resistant,no-call
g59,sensitive,no-call,resistant,no-call,sensitive,resistant,resistant,no-call,no-call,no-call,sensitive,no-call,resistant,no-call,no-call,no-call
cov504,no-call,resistant,resistant,no-call,resistant,no-call,resistant,resistant,no-call,resistant,resistant,resistant,resistant,resistant,resistant,resistant
hcc1534,no-call,no-call,resistant,no-call,resistant,resistant,resistant,no-call,resistant,resistant,no-call,no-call,resistant,no-call,no-call,no-call
mhhpreb1,resistant,resistant,resistant,sensitive,sensitive,resistant,resistant,sensitive,sensitive,resistant,resistant,sensitive,resistant,sensitive,no-call,sensitive
hela,no-call,no-call,resistant,sensitive,no-call,resistant,resistant,no-call,no-call,resistant,resistant,sensitive,resistant,resistant,sensitive,no-call
ucsd242l,no-call,no-call,no-call,resistant,resistant,resistant,no-call,resistant,resistant,resistant,resistant,resistant,sensitive,no-call,resistant,no-call
umc11,no-call,resistant,no-call,no-call,resistant,resistant,resistant,resistant,resistant,resistant,resistant,resistant,resistant,sensitive,resistant,sensitive
sknsh,sensitive,sensitive,sensitive,no-call,sensitive,resistant,no-call,sensitive,sensitive,no-call,no-call,no-call,no-call,resistant,no-call,sensitive
537mel,sensitive,no-call,no-call,resistant,sensitive,resistant,no-call,sensitive,no-call,no-call,no-call,resistant,sensitive,no-call,sensitive,no-call
cov318,resistant,sensitive,resistant,resistant,resistant,resistant,resistant,resistant,resistant,resistant,no-call,resistant,resistant,resistant,resistant,resistant
psn1,resistant,no-call,resistant,sensitive,sensitive,no-call,resistant,sensitive,sensitive,resistant,sensitive,sensitive,sensitive,no-call,sensitive,sensitive
rerflcok,no-call,no-call,resistant,sensitive,sensitive,resistant,sensitive,no-call,no-call,no-call,no-call,sensitive,no-call,no-call,no-call,no-call
dohh2,resistant,no-call,resistant,no-call,sensitive,resistant,resistant,sensitive,sensitive,resistant,resistant,sensitive,resistant,sensitive,sensitive,sensitive
mkn45,resistant,no-call,sensitive,no-call,no-call,resistant,no-call,no-call,sensitive,resistant,resistant,no-call,sensitive,resistant,no-call,resistant
hcc1419,resistant,resistant,resistant,resistant,resistant,resistant,resistant,resistant,resistant,no-call,no-call,resistant,resistant,resistant,resistant,resistant
huh1,resistant,resistant,resistant,resistant,resistant,sensitive,no-call,no-call,no-call,no-call,resistant,resistant,no-call,resistant,sensitive,resistant
59m,no-call,resistant,resistant,no-call,resistant,no-call,no-call,no-call,no-call,resistant,resistant,resistant,resistant,no-call,no-call,no-call
sudhl6,resistant,sensitive,resistant,sensitive,sensitive,resistant,sensitive,sensitive,sensitive,no-call,resistant,sensitive,resistant,sensitive,sensitive,sensitive
rmgi,sensitive,resistant,resistant,resistant,resistant,sensitive,no-call,resistant,resistant,sensitive,sensitive,resistant,no-call,no-call,resistant,no-call
cov413a,sensitive,no-call,resistant,resistant,resistant,sensitive,no-call,no-call,resistant,sensitive,no-call,resistant,sensitive,no-call,sensitive,no-call
ocily19,resistant,no-call,resistant,sensitive,sensitive,resistant,resistant,sensitive,sensitive,resistant,resistant,sensitive,sensitive,no-call,sensitive,sensitive
sw1573,no-call,resistant,sensitive,no-call,sensitive,resistant,no-call,sensitive,sensitive,resistant,no-call,no-call,resistant,no-call,no-call,no-call
kyse30,no-call,sensitive,resistant,sensitive,sensitive,no-call,resistant,no-call,no-call,no-call,sensitive,sensitive,sensitive,no-call,sensitive,resistant
gp2d,no-call,resistant,resistant,sensitive,no-call,sensitive,sensitive,no-call,no-call,no-call,resistant,sensitive,no-call,resistant,no-call,no-call
bxpc3,resistant,sensitive,resistant,resistant,resistant,no-call,resistant,no-call,no-call,no-call,resistant,no-call,no-call,resistant,no-call,resistant
rerfgc1b,resistant,no-call,resistant,no-call,no-call,sensitive,resistant,resistant,sensitive,sensitive,no-call,no-call,sensitive,resistant,no-call,no-call
deoc1,resistant,resistant,resistant,resistant,resistant,resistant,resistant,resistant,resistant,resistant,resistant,resistant,sensitive,resistant,resistant,resistant
sw620,resistant,sensitive,resistant,no-call,no-call,resistant,resistant,no-call,sensitive,resistant,resistant,no-call,sensitive,resistant,sensitive,sensitive
car1,sensitive,no-call,resistant,resistant,resistant,sensitive,no-call,no-call,no-call,sensitive,resistant,no-call,sensitive,no-call,sensitive,no-call
cama1,resistant,resistant,resistant,resistant,resistant,resistant,resistant,resistant,resistant,resistant,no-call,resistant,resistant,no-call,resistant,resistant
dv90,resistant,no-call,resistant,no-call,no-call,sensitive,resistant,no-call,sensitive,sensitive,no-call,no-call,sensitive,resistant,sensitive,no-call
hcc78,no-call,sensitive,sensitive,no-call,sensitive,no-call,no-call,sensitive,sensitive,resistant,sensitive,no-call,no-call,no-call,resistant,sensitive
ovsaho,no-call,no-call,resistant,resistant,resistant,resistant,resistant,resistant,resistant,resistant,resistant,resistant,resistant,resistant,no-call,resistant
dang,resistant,resistant,resistant,resistant,resistant,no-call,no-call,no-call,resistant,no-call,resistant,resistant,no-call,sensitive,no-call,resistant
bjab,resistant,sensitive,resistant,sensitive,sensitive,resistant,no-call,sensitive,sensitive,resistant,resistant,sensitive,resistant,sensitive,resistant,sensitive
a431,resistant,sensitive,resistant,sensitive,sensitive,sensitive,resistant,no-call,no-call,sensitive,no-call,sensitive,no-call,resistant,sensitive,resistant
hs683,sensitive,resistant,resistant,sensitive,no-call,resistant,no-call,no-call,no-call,no-call,sensitive,sensitive,resistant,no-call,sensitive,resistant
sw48,no-call,sensitive,resistant,sensitive,no-call,sensitive,sensitive,,sensitive,sensitive,resistant,sensitive,sensitive,no-call,resistant,sensitive
an3ca,resistant,sensitive,resistant,no-call,no-call,no-call,no-call,resistant,resistant,resistant,sensitive,sensitive,resistant,no-call,sensitive,no-call
aspc1,no-call,resistant,resistant,resistant,resistant,sensitive,no-call,resistant,resistant,no-call,sensitive,resistant,sensitive,no-call,no-call,resistant
mdst8,resistant,sensitive,resistant,no-call,no-call,resistant,resistant,sensitive,no-call,no-call,resistant,no-call,sensitive,sensitive,no-call,resistant
g140,sensitive,sensitive,resistant,sensitive,sensitive,no-call,resistant,no-call,sensitive,no-call,no-call,sensitive,no-call,sensitive,sensitive,sensitive
kms21bm,resistant,sensitive,resistant,sensitive,sensitive,resistant,resistant,sensitive,sensitive,resistant,resistant,sensitive,sensitive,no-call,sensitive,sensitive
cl11,no-call,resistant,resistant,resistant,resistant,resistant,no-call,resistant,resistant,resistant,sensitive,resistant,sensitive,resistant,resistant,resistant
sw780,no-call,no-call,resistant,sensitive,resistant,no-call,no-call,resistant,no-call,no-call,resistant,sensitive,no-call,sensitive,no-call,no-call
a2780,resistant,sensitive,sensitive,no-call,sensitive,resistant,resistant,sensitive,sensitive,no-call,no-call,no-call,sensitive,no-call,sensitive,sensitive
kms28pe,resistant,sensitive,resistant,sensitive,no-call,resistant,no-call,sensitive,sensitive,resistant,resistant,sensitive,resistant,no-call,sensitive,sensitive
hgc27,no-call,no-call,no-call,no-call,sensitive,resistant,sensitive,resistant,no-call,no-call,resistant,no-call,resistant,sensitive,sensitive,sensitive
g402,resistant,no-call,resistant,resistant,sensitive,sensitive,sensitive,sensitive,sensitive,sensitive,sensitive,no-call,no-call,no-call,no-call,no-call
colo800,no-call,no-call,resistant,resistant,sensitive,no-call,resistant,sensitive,no-call,no-call,sensitive,resistant,sensitive,resistant,no-call,no-call
g84,no-call,resistant,resistant,sensitive,sensitive,no-call,resistant,sensitive,sensitive,no-call,sensitive,sensitive,no-call,sensitive,sensitive,no-call
kpl4,resistant,no-call,resistant,sensitive,sensitive,no-call,sensitive,no-call,no-call,sensitive,no-call,sensitive,resistant,sensitive,sensitive,no-call
patu8988t,sensitive,resistant,no-call,sensitive,no-call,no-call,no-call,resistant,resistant,resistant,sensitive,sensitive,no-call,resistant,no-call,resistant
ov90,resistant,no-call,resistant,resistant,resistant,resistant,resistant,no-call,resistant,resistant,no-call,resistant,sensitive,sensitive,sensitive,no-call
hct116,resistant,resistant,resistant,resistant,no-call,sensitive,resistant,sensitive,no-call,no-call,resistant,resistant,no-call,no-call,no-call,resistant
dld1,no-call,sensitive,resistant,resistant,resistant,no-call,resistant,no-call,no-call,no-call,resistant,resistant,no-call,no-call,resistant,no-call
skndz,resistant,no-call,no-call,no-call,resistant,sensitive,no-call,resistant,resistant,resistant,no-call,no-call,sensitive,no-call,no-call,sensitive
bicr10,no-call,resistant,resistant,sensitive,resistant,no-call,sensitive,,resistant,no-call,resistant,sensitive,no-call,sensitive,sensitive,resistant
a2058,no-call,sensitive,resistant,sensitive,sensitive,resistant,resistant,sensitive,sensitive,no-call,resistant,sensitive,sensitive,no-call,sensitive,resistant
hcc364,no-call,no-call,resistant,resistant,resistant,resistant,resistant,resistant,resistant,resistant,no-call,resistant,sensitive,no-call,resistant,resistant
mor,resistant,resistant,resistant,resistant,resistant,resistant,resistant,resistant,resistant,resistant,resistant,resistant,resistant,resistant,resistant,resistant
skmel30,sensitive,no-call,no-call,no-call,sensitive,resistant,resistant,no-call,resistant,no-call,sensitive,no-call,sensitive,resistant,no-call,resistant
snu216,no-call,no-call,resistant,no-call,resistant,sensitive,sensitive,resistant,resistant,sensitive,no-call,no-call,no-call,sensitive,sensitive,sensitive
ov56,resistant,no-call,resistant,no-call,no-call,resistant,resistant,sensitive,sensitive,resistant,sensitive,no-call,no-call,resistant,no-call,no-call
kyse450,sensitive,resistant,no-call,sensitive,sensitive,sensitive,sensitive,no-call,no-call,sensitive,resistant,sensitive,sensitive,no-call,no-call,no-call
sclc21h,resistant,no-call,resistant,no-call,no-call,resistant,resistant,no-call,no-call,no-call,resistant,resistant,resistant,resistant,sensitive,no-call
rpmi7951,sensitive,sensitive,resistant,sensitive,no-call,resistant,resistant,sensitive,no-call,no-call,resistant,sensitive,sensitive,no-call,sensitive,sensitive
kyse140,no-call,resistant,resistant,resistant,no-call,sensitive,resistant,resistant,resistant,sensitive,sensitive,no-call,no-call,resistant,resistant,resistant
hcc827,sensitive,sensitive,resistant,no-call,sensitive,sensitive,no-call,no-call,no-call,sensitive,sensitive,no-call,no-call,no-call,resistant,no-call
cal12t,no-call,resistant,resistant,no-call,no-call,sensitive,resistant,resistant,resistant,sensitive,no-call,no-call,sensitive,sensitive,sensitive,sensitive
snu668,resistant,sensitive,resistant,no-call,no-call,no-call,resistant,no-call,resistant,no-call,no-call,no-call,no-call,no-call,sensitive,no-call
snu182,no-call,sensitive,resistant,resistant,no-call,no-call,no-call,resistant,resistant,no-call,no-call,resistant,no-call,no-call,no-call,no-call
ml2,no-call,sensitive,resistant,no-call,sensitive,resistant,no-call,sensitive,sensitive,resistant,no-call,sensitive,sensitive,resistant,no-call,no-call
bftc909,no-call,resistant,resistant,no-call,no-call,resistant,sensitive,no-call,no-call,resistant,sensitive,no-call,resistant,no-call,no-call,no-call
hcc38,no-call,no-call,resistant,no-call,no-call,resistant,resistant,sensitive,sensitive,resistant,no-call,no-call,resistant,no-call,resistant,resistant
ri1,resistant,sensitive,resistant,no-call,resistant,resistant,sensitive,no-call,sensitive,resistant,resistant,no-call,resistant,no-call,resistant,no-call
mfm223,no-call,sensitive,resistant,sensitive,resistant,resistant,resistant,resistant,resistant,resistant,resistant,sensitive,no-call,resistant,no-call,no-call
g111,no-call,no-call,sensitive,sensitive,sensitive,no-call,no-call,sensitive,no-call,resistant,sensitive,sensitive,no-call,sensitive,sensitive,no-call
umuc1,resistant,no-call,resistant,no-call,resistant,no-call,sensitive,no-call,no-call,no-call,resistant,no-call,sensitive,sensitive,sensitive,no-call
nugc4,resistant,resistant,sensitive,resistant,no-call,resistant,resistant,no-call,no-call,resistant,resistant,no-call,no-call,resistant,no-call,sensitive
kcimoh1,,no-call,no-call,resistant,resistant,sensitive,no-call,resistant,,sensitive,sensitive,resistant,sensitive,no-call,no-call,resistant
hcc1937,no-call,sensitive,resistant,resistant,resistant,no-call,no-call,resistant,resistant,no-call,no-call,resistant,resistant,resistant,resistant,resistant
ben,resistant,resistant,resistant,resistant,resistant,resistant,resistant,resistant,resistant,resistant,resistant,resistant,resistant,no-call,resistant,resistant
cl34,resistant,no-call,resistant,resistant,resistant,resistant,resistant,resistant,no-call,resistant,resistant,resistant,sensitive,resistant,resistant,no-call
g118,no-call,sensitive,resistant,sensitive,sensitive,no-call,no-call,resistant,no-call,no-call,sensitive,sensitive,no-call,sensitive,no-call,resistant
sknas,sensitive,no-call,no-call,sensitive,sensitive,resistant,resistant,sensitive,no-call,no-call,sensitive,sensitive,sensitive,no-call,sensitive,sensitive
skmel3,sensitive,no-call,resistant,no-call,no-call,no-call,no-call,resistant,resistant,resistant,resistant,resistant,sensitive,no-call,no-call,sensitive
mdamb157,resistant,sensitive,resistant,no-call,sensitive,no-call,resistant,no-call,no-call,sensitive,no-call,no-call,resistant,resistant,no-call,no-call
colo320hsr,no-call,no-call,resistant,resistant,resistant,no-call,no-call,no-call,no-call,resistant,resistant,resistant,resistant,resistant,resistant,sensitive
rkoe6,sensitive,no-call,resistant,no-call,no-call,resistant,resistant,no-call,sensitive,resistant,resistant,no-call,sensitive,sensitive,resistant,no-call
colo849,no-call,sensitive,resistant,resistant,no-call,no-call,resistant,sensitive,sensitive,no-call,resistant,resistant,sensitive,no-call,resistant,sensitive
lncapclonefgc,no-call,resistant,resistant,sensitive,sensitive,resistant,no-call,no-call,no-call,resistant,sensitive,no-call,resistant,no-call,no-call,no-call
efo27,no-call,no-call,resistant,no-call,no-call,sensitive,resistant,resistant,resistant,sensitive,sensitive,sensitive,no-call,sensitive,resistant,sensitive
kyse70,resistant,resistant,resistant,no-call,no-call,resistant,no-call,resistant,resistant,no-call,sensitive,sensitive,no-call,resistant,no-call,resistant
oums23,no-call,no-call,resistant,resistant,no-call,no-call,resistant,resistant,resistant,no-call,resistant,resistant,resistant,resistant,no-call,no-call
scc3,resistant,resistant,sensitive,no-call,sensitive,resistant,resistant,sensitive,sensitive,resistant,no-call,sensitive,resistant,resistant,no-call,no-call
hcc1263,no-call,resistant,resistant,no-call,resistant,resistant,resistant,resistant,resistant,no-call,resistant,sensitive,no-call,resistant,resistant,resistant
ls174t,resistant,resistant,resistant,resistant,no-call,no-call,resistant,no-call,no-call,no-call,resistant,resistant,no-call,resistant,resistant,no-call
mc116,resistant,sensitive,resistant,sensitive,sensitive,,,sensitive,sensitive,no-call,resistant,sensitive,resistant,sensitive,sensitive,sensitive
sw403,resistant,resistant,resistant,resistant,resistant,sensitive,resistant,resistant,resistant,no-call,resistant,no-call,sensitive,resistant,resistant,resistant
colo679,no-call,sensitive,resistant,resistant,sensitive,no-call,resistant,sensitive,no-call,resistant,sensitive,resistant,sensitive,resistant,resistant,no-call
cal54,sensitive,no-call,resistant,resistant,no-call,sensitive,no-call,no-call,sensitive,sensitive,no-call,resistant,no-call,no-call,resistant,no-call
ms751,resistant,resistant,resistant,sensitive,no-call,sensitive,resistant,resistant,no-call,no-call,resistant,no-call,resistant,no-call,resistant,resistant
cov413b,sensitive,no-call,resistant,resistant,resistant,no-call,no-call,resistant,resistant,no-call,resistant,resistant,no-call,resistant,no-call,resistant
sclc22h,no-call,sensitive,resistant,no-call,resistant,resistant,resistant,no-call,no-call,resistant,no-call,no-call,resistant,resistant,sensitive,sensitive
sw1463,no-call,resistant,resistant,resistant,resistant,sensitive,resistant,resistant,resistant,no-call,no-call,resistant,no-call,resistant,resistant,resistant
hcc1482,resistant,sensitive,resistant,resistant,sensitive,resistant,no-call,sensitive,sensitive,no-call,sensitive,sensitive,resistant,no-call,sensitive,no-call
snu484,no-call,resistant,resistant,sensitive,no-call,sensitive,resistant,no-call,no-call,sensitive,no-call,sensitive,no-call,no-call,no-call,sensitive
jhh2,resistant,no-call,resistant,resistant,resistant,resistant,resistant,resistant,resistant,no-call,no-call,resistant,no-call,no-call,resistant,resistant
rerflcms,resistant,resistant,sensitive,sensitive,sensitive,resistant,resistant,sensitive,sensitive,no-call,resistant,sensitive,sensitive,no-call,sensitive,resistant
mx1,no-call,resistant,resistant,resistant,resistant,no-call,resistant,resistant,resistant,resistant,resistant,resistant,resistant,resistant,resistant,resistant
ovcar5,resistant,no-call,resistant,no-call,resistant,resistant,no-call,no-call,no-call,no-call,resistant,no-call,sensitive,no-call,sensitive,sensitive
hcc4006,no-call,resistant,resistant,sensitive,no-call,sensitive,resistant,resistant,resistant,sensitive,no-call,sensitive,no-call,no-call,no-call,resistant
mkn1,sensitive,sensitive,resistant,no-call,no-call,sensitive,no-call,resistant,no-call,no-call,sensitive,no-call,no-call,no-call,no-call,no-call
hey,resistant,no-call,no-call,no-call,sensitive,no-call,resistant,sensitive,sensitive,no-call,resistant,no-call,sensitive,resistant,sensitive,sensitive
ociaml2,sensitive,sensitive,resistant,sensitive,sensitive,resistant,resistant,sensitive,sensitive,resistant,resistant,sensitive,sensitive,resistant,resistant,no-call
khm1b,resistant,sensitive,no-call,no-call,resistant,resistant,no-call,resistant,no-call,resistant,resistant,sensitive,resistant,resistant,no-call,no-call
sw948,resistant,sensitive,resistant,resistant,resistant,no-call,no-call,resistant,resistant,resistant,no-call,resistant,sensitive,resistant,resistant,no-call
hcc1171,resistant,no-call,resistant,resistant,resistant,resistant,resistant,no-call,no-call,resistant,no-call,resistant,sensitive,resistant,resistant,resistant
ovca432,resistant,no-call,resistant,resistant,resistant,sensitive,no-call,resistant,resistant,no-call,no-call,no-call,resistant,no-call,sensitive,no-call
hcc2279,sensitive,resistant,resistant,sensitive,no-call,sensitive,resistant,resistant,resistant,no-call,no-call,no-call,resistant,no-call,no-call,resistant
cal27,sensitive,sensitive,resistant,sensitive,sensitive,sensitive,resistant,sensitive,sensitive,sensitive,sensitive,sensitive,sensitive,sensitive,sensitive,sensitive
ovcar4,resistant,no-call,resistant,no-call,resistant,no-call,resistant,resistant,resistant,resistant,sensitive,resistant,no-call,no-call,sensitive,resistant
hcc1806,no-call,resistant,resistant,sensitive,no-call,sensitive,resistant,sensitive,sensitive,sensitive,resistant,sensitive,sensitive,resistant,sensitive,no-call
ovca420,no-call,no-call,resistant,resistant,resistant,sensitive,resistant,no-call,resistant,sensitive,no-call,resistant,no-call,no-call,resistant,no-call
raji,resistant,resistant,resistant,sensitive,sensitive,no-call,resistant,sensitive,sensitive,resistant,no-call,sensitive,resistant,sensitive,no-call,sensitive
c3a,no-call,sensitive,resistant,resistant,resistant,resistant,resistant,resistant,resistant,resistant,no-call,resistant,no-call,resistant,resistant,no-call
chagok1,resistant,resistant,resistant,resistant,resistant,resistant,resistant,resistant,resistant,resistant,resistant,resistant,resistant,resistant,resistant,resistant
g141,no-call,sensitive,resistant,no-call,no-call,no-call,no-call,resistant,no-call,resistant,resistant,no-call,no-call,no-call,no-call,resistant
l363,resistant,resistant,resistant,sensitive,sensitive,resistant,no-call,no-call,sensitive,resistant,resistant,sensitive,resistant,sensitive,sensitive,sensitive
dor13,sensitive,no-call,resistant,no-call,no-call,resistant,no-call,sensitive,sensitive,resistant,resistant,no-call,no-call,no-call,sensitive,no-call
ci1,,sensitive,resistant,sensitive,sensitive,resistant,no-call,sensitive,sensitive,resistant,resistant,sensitive,resistant,sensitive,sensitive,sensitive
cal148,resistant,resistant,resistant,sensitive,sensitive,resistant,resistant,sensitive,sensitive,resistant,no-call,no-call,resistant,no-call,resistant,sensitive
snu387,no-call,no-call,resistant,resistant,resistant,resistant,resistant,,resistant,resistant,no-call,resistant,no-call,resistant,no-call,resistant
cx1,no-call,sensitive,resistant,no-call,resistant,no-call,no-call,no-call,resistant,no-call,resistant,no-call,sensitive,resistant,no-call,sensitive
hupt4,resistant,resistant,resistant,resistant,resistant,sensitive,no-call,no-call,no-call,sensitive,no-call,resistant,sensitive,resistant,no-call,resistant
ht,resistant,resistant,resistant,sensitive,sensitive,resistant,no-call,no-call,no-call,resistant,resistant,sensitive,resistant,sensitive,no-call,no-call
hct15,sensitive,sensitive,resistant,resistant,resistant,no-call,resistant,no-call,no-call,sensitive,resistant,resistant,no-call,no-call,resistant,no-call
hcc1954,no-call,sensitive,resistant,sensitive,no-call,sensitive,resistant,resistant,resistant,sensitive,resistant,sensitive,no-call,sensitive,resistant,resistant
mcf7,no-call,resistant,resistant,resistant,resistant,resistant,sensitive,no-call,no-call,no-call,no-call,no-call,resistant,no-call,sensitive,no-call
hpac,resistant,sensitive,no-call,resistant,sensitive,sensitive,resistant,no-call,no-call,sensitive,no-call,resistant,sensitive,no-call,sensitive,resistant
kms12pe,resistant,sensitive,resistant,sensitive,no-call,resistant,resistant,resistant,no-call,no-call,resistant,sensitive,resistant,resistant,no-call,no-call
pk59,sensitive,sensitive,resistant,resistant,resistant,no-call,no-call,resistant,resistant,resistant,sensitive,resistant,sensitive,no-call,no-call,resistant
hcc44,sensitive,sensitive,resistant,sensitive,sensitive,no-call,no-call,no-call,no-call,no-call,resistant,sensitive,sensitive,no-call,sensitive,resistant
hs746t,no-call,no-call,sensitive,no-call,no-call,resistant,no-call,resistant,resistant,resistant,sensitive,no-call,no-call,resistant,resistant,sensitive
kms26,resistant,sensitive,resistant,sensitive,sensitive,sensitive,sensitive,sensitive,sensitive,resistant,resistant,sensitive,resistant,sensitive,sensitive,sensitive
ln229,resistant,sensitive,resistant,no-call,no-call,resistant,resistant,resistant,resistant,no-call,sensitive,no-call,no-call,resistant,no-call,no-call
bt20,resistant,no-call,resistant,no-call,no-call,sensitive,resistant,resistant,resistant,no-call,no-call,no-call,no-call,no-call,resistant,resistant
kms12bm,resistant,sensitive,resistant,sensitive,resistant,resistant,resistant,resistant,sensitive,resistant,resistant,sensitive,resistant,resistant,sensitive,sensitive
skmes1,no-call,resistant,resistant,no-call,no-call,sensitive,resistant,no-call,no-call,sensitive,no-call,no-call,sensitive,no-call,sensitive,resistant
pl21,sensitive,sensitive,resistant,sensitive,sensitive,resistant,no-call,no-call,sensitive,resistant,no-call,sensitive,sensitive,resistant,no-call,sensitive
kms27,resistant,no-call,resistant,no-call,no-call,resistant,resistant,sensitive,sensitive,resistant,resistant,no-call,sensitive,no-call,resistant,no-call
oaw42,no-call,sensitive,resistant,resistant,sensitive,no-call,sensitive,sensitive,sensitive,no-call,resistant,resistant,no-call,no-call,resistant,sensitive
daudi,resistant,sensitive,sensitive,no-call,sensitive,sensitive,sensitive,no-call,sensitive,resistant,no-call,no-call,resistant,sensitive,sensitive,sensitive
105kcdodx,resistant,no-call,resistant,resistant,no-call,no-call,resistant,resistant,no-call,no-call,sensitive,no-call,resistant,resistant,no-call,no-call
imr32,resistant,sensitive,sensitive,sensitive,sensitive,resistant,resistant,sensitive,sensitive,resistant,resistant,sensitive,resistant,resistant,no-call,sensitive
granta519,resistant,resistant,no-call,sensitive,sensitive,resistant,resistant,sensitive,sensitive,resistant,resistant,sensitive,resistant,resistant,resistant,no-call
ags,resistant,resistant,resistant,resistant,sensitive,resistant,no-call,no-call,resistant,resistant,sensitive,no-call,sensitive,sensitive,no-call,resistant
c32tg,sensitive,sensitive,resistant,no-call,no-call,resistant,resistant,sensitive,no-call,resistant,sensitive,no-call,sensitive,resistant,resistant,resistant
cw2,no-call,resistant,resistant,resistant,resistant,no-call,resistant,resistant,resistant,sensitive,no-call,resistant,no-call,resistant,resistant,resistant
sudhl4,resistant,sensitive,resistant,sensitive,sensitive,resistant,sensitive,sensitive,sensitive,no-call,resistant,sensitive,resistant,sensitive,sensitive,sensitive
colo704,resistant,resistant,resistant,resistant,resistant,resistant,no-call,resistant,no-call,resistant,resistant,resistant,resistant,no-call,resistant,no-call
nugc3,no-call,no-call,no-call,sensitive,sensitive,sensitive,resistant,sensitive,sensitive,sensitive,sensitive,sensitive,sensitive,sensitive,sensitive,sensitive
db,resistant,no-call,resistant,sensitive,sensitive,resistant,resistant,sensitive,sensitive,resistant,resistant,sensitive,resistant,sensitive,sensitive,sensitive
hcsc1,no-call,no-call,resistant,resistant,resistant,resistant,resistant,resistant,no-call,resistant,no-call,resistant,resistant,resistant,resistant,sensitive
karpas620,resistant,no-call,no-call,sensitive,resistant,resistant,resistant,resistant,resistant,resistant,resistant,sensitive,no-call,no-call,no-call,no-call
g112,no-call,resistant,resistant,no-call,sensitive,no-call,no-call,sensitive,sensitive,resistant,no-call,no-call,resistant,resistant,sensitive,resistant
colo794,no-call,sensitive,resistant,no-call,sensitive,no-call,resistant,sensitive,sensitive,no-call,no-call,no-call,sensitive,no-call,sensitive,resistant
ls180,resistant,resistant,resistant,resistant,no-call,sensitive,resistant,no-call,no-call,no-call,resistant,resistant,no-call,resistant,no-call,resistant
snu638,resistant,resistant,sensitive,no-call,no-call,resistant,resistant,sensitive,sensitive,resistant,resistant,no-call,no-call,no-call,resistant,sensitive
lxfl529,no-call,no-call,resistant,resistant,no-call,resistant,sensitive,resistant,resistant,no-call,sensitive,resistant,no-call,resistant,resistant,no-call
mcas,sensitive,no-call,resistant,sensitive,sensitive,no-call,resistant,sensitive,sensitive,sensitive,resistant,sensitive,sensitive,resistant,no-call,sensitive
ocily10,resistant,no-call,no-call,sensitive,sensitive,no-call,sensitive,sensitive,sensitive,no-call,sensitive,sensitive,resistant,sensitive,sensitive,sensitive
kle,resistant,resistant,resistant,resistant,resistant,no-call,no-call,resistant,resistant,no-call,sensitive,resistant,resistant,resistant,resistant,resistant
pk45p,resistant,resistant,resistant,resistant,resistant,no-call,no-call,resistant,resistant,no-call,no-call,resistant,sensitive,no-call,no-call,resistant
snu719,resistant,resistant,resistant,resistant,resistant,resistant,resistant,resistant,resistant,resistant,no-call,resistant,sensitive,resistant,resistant,resistant
calu3,resistant,resistant,resistant,resistant,no-call,sensitive,no-call,no-call,sensitive,sensitive,sensitive,resistant,no-call,no-call,resistant,sensitive
kyse180,no-call,no-call,resistant,sensitive,sensitive,sensitive,no-call,no-call,no-call,sensitive,resistant,sensitive,resistant,sensitive,sensitive,no-call
suit2,no-call,resistant,resistant,resistant,resistant,sensitive,resistant,sensitive,sensitive,no-call,resistant,resistant,sensitive,resistant,no-call,no-call
hcc515,no-call,resistant,resistant,resistant,no-call,sensitive,resistant,sensitive,sensitive,no-call,no-call,no-call,no-call,no-call,resistant,resistant
jhh5,sensitive,resistant,no-call,resistant,no-call,sensitive,sensitive,sensitive,sensitive,sensitive,sensitive,resistant,sensitive,no-call,sensitive,sensitive
capan1,resistant,resistant,resistant,resistant,resistant,resistant,resistant,resistant,no-call,resistant,resistant,resistant,resistant,resistant,resistant,resistant
katoiii,resistant,no-call,resistant,resistant,resistant,resistant,resistant,resistant,resistant,resistant,resistant,resistant,no-call,no-call,sensitive,no-call
sjcrh30,no-call,resistant,resistant,sensitive,no-call,resistant,no-call,sensitive,no-call,no-call,resistant,no-call,resistant,resistant,sensitive,sensitive
g142,resistant,sensitive,resistant,sensitive,sensitive,resistant,no-call,resistant,no-call,resistant,sensitive,sensitive,no-call,sensitive,sensitive,resistant
sw480,no-call,no-call,resistant,resistant,resistant,resistant,resistant,resistant,resistant,resistant,resistant,resistant,sensitive,resistant,resistant,no-call
ovise,no-call,sensitive,resistant,resistant,resistant,sensitive,no-call,resistant,resistant,no-call,no-call,resistant,no-call,resistant,no-call,resistant
c32,sensitive,no-call,resistant,resistant,no-call,resistant,resistant,sensitive,no-call,resistant,no-call,resistant,sensitive,resistant,resistant,resistant
sr786,resistant,sensitive,sensitive,sensitive,sensitive,resistant,resistant,sensitive,sensitive,no-call,no-call,sensitive,resistant,sensitive,sensitive,sensitive
g61,no-call,no-call,resistant,sensitive,sensitive,resistant,no-call,sensitive,sensitive,no-call,no-call,no-call,no-call,no-call,no-call,sensitive
capan2,no-call,resistant,no-call,resistant,resistant,sensitive,no-call,resistant,resistant,no-call,no-call,resistant,sensitive,resistant,no-call,resistant
me180,sensitive,sensitive,resistant,no-call,sensitive,sensitive,sensitive,no-call,sensitive,sensitive,resistant,no-call,no-call,sensitive,sensitive,resistant
jeko1,resistant,no-call,resistant,sensitive,sensitive,sensitive,sensitive,sensitive,sensitive,no-call,sensitive,sensitive,resistant,sensitive,sensitive,sensitive
kg1,no-call,sensitive,resistant,resistant,resistant,resistant,resistant,no-call,sensitive,resistant,resistant,resistant,no-call,resistant,resistant,sensitive
bt474,resistant,resistant,resistant,resistant,resistant,resistant,no-call,resistant,resistant,sensitive,resistant,resistant,resistant,resistant,resistant,resistant
mdamb468,resistant,sensitive,resistant,sensitive,sensitive,sensitive,resistant,sensitive,sensitive,sensitive,resistant,sensitive,no-call,no-call,sensitive,resistant
k562,resistant,sensitive,sensitive,sensitive,no-call,resistant,resistant,no-call,no-call,resistant,resistant,sensitive,sensitive,no-call,resistant,sensitive
colo201,no-call,resistant,resistant,no-call,no-call,resistant,resistant,no-call,no-call,resistant,resistant,no-call,sensitive,no-call,sensitive,sensitive
pa1,no-call,sensitive,resistant,sensitive,sensitive,no-call,no-call,sensitive,sensitive,no-call,sensitive,sensitive,no-call,sensitive,sensitive,sensitive
g361,sensitive,sensitive,resistant,no-call,no-call,no-call,no-call,no-call,no-call,no-call,sensitive,no-call,sensitive,no-call,no-call,sensitive
hm7,resistant,no-call,resistant,no-call,no-call,sensitive,no-call,sensitive,sensitive,sensitive,resistant,no-call,sensitive,no-call,no-call,no-call
wsudlcl2,resistant,no-call,resistant,sensitive,sensitive,sensitive,resistant,sensitive,sensitive,resistant,sensitive,sensitive,resistant,no-call,sensitive,sensitive
ht29,resistant,sensitive,resistant,no-call,resistant,resistant,no-call,no-call,resistant,no-call,no-call,no-call,sensitive,resistant,sensitive,sensitive
corl26,resistant,sensitive,no-call,sensitive,no-call,resistant,resistant,sensitive,sensitive,resistant,sensitive,sensitive,no-call,no-call,resistant,sensitive
corl47,no-call,resistant,resistant,resistant,resistant,resistant,resistant,resistant,resistant,resistant,resistant,resistant,resistant,resistant,resistant,no-call
pk8,no-call,resistant,resistant,resistant,resistant,no-call,no-call,resistant,no-call,resistant,resistant,resistant,sensitive,no-call,no-call,no-call
loximvi,no-call,no-call,no-call,no-call,no-call,resistant,,sensitive,sensitive,resistant,no-call,no-call,sensitive,no-call,sensitive,no-call
sf268,no-call,no-call,resistant,sensitive,no-call,resistant,resistant,sensitive,sensitive,resistant,resistant,no-call,resistant,no-call,sensitive,no-call
caco2,resistant,sensitive,resistant,resistant,resistant,no-call,resistant,resistant,resistant,no-call,resistant,resistant,no-call,no-call,no-call,no-call
rpmi2650,no-call,sensitive,resistant,resistant,no-call,resistant,no-call,resistant,sensitive,resistant,sensitive,resistant,resistant,resistant,resistant,no-call
molm16,no-call,sensitive,sensitive,sensitive,no-call,resistant,no-call,sensitive,sensitive,resistant,resistant,sensitive,sensitive,no-call,sensitive,sensitive
bhy,no-call,sensitive,resistant,no-call,no-call,sensitive,resistant,no-call,sensitive,sensitive,resistant,no-call,no-call,no-call,sensitive,resistant
colo857,no-call,sensitive,no-call,no-call,sensitive,resistant,resistant,no-call,resistant,no-call,sensitive,no-call,sensitive,no-call,no-call,no-call
patu8902,no-call,resistant,resistant,sensitive,no-call,resistant,resistant,no-call,no-call,resistant,sensitive,sensitive,sensitive,no-call,sensitive,no-call
rcm1,no-call,resistant,resistant,resistant,resistant,resistant,resistant,resistant,resistant,resistant,sensitive,resistant,sensitive,resistant,resistant,resistant
colo678,no-call,resistant,resistant,resistant,resistant,sensitive,resistant,resistant,resistant,no-call,resistant,resistant,no-call,resistant,resistant,resistant
ht115,no-call,no-call,resistant,resistant,resistant,sensitive,no-call,resistant,resistant,sensitive,sensitive,no-call,sensitive,resistant,no-call,no-call
corl279,resistant,sensitive,resistant,sensitive,sensitive,resistant,no-call,no-call,sensitive,resistant,no-call,sensitive,resistant,no-call,no-call,sensitive
hop62,resistant,resistant,resistant,no-call,sensitive,resistant,resistant,sensitive,sensitive,no-call,sensitive,no-call,no-call,no-call,sensitive,sensitive
panc1,resistant,resistant,resistant,resistant,resistant,resistant,resistant,resistant,resistant,resistant,sensitive,resistant,no-call,resistant,resistant,resistant
lclc97tm1,resistant,no-call,resistant,no-call,sensitive,resistant,resistant,no-call,no-call,resistant,no-call,sensitive,sensitive,resistant,no-call,resistant
supb15,no-call,sensitive,sensitive,sensitive,sensitive,resistant,resistant,sensitive,sensitive,resistant,resistant,sensitive,no-call,resistant,no-call,sensitive
wm115,no-call,no-call,resistant,no-call,resistant,no-call,no-call,resistant,no-call,resistant,resistant,resistant,no-call,no-call,no-call,resistant
mdamb453,resistant,resistant,resistant,resistant,resistant,no-call,no-call,resistant,resistant,no-call,resistant,resistant,resistant,no-call,resistant,sensitive
ku812,resistant,no-call,sensitive,resistant,resistant,resistant,resistant,no-call,no-call,resistant,resistant,resistant,sensitive,no-call,resistant,resistant
cal120,no-call,sensitive,resistant,resistant,resistant,resistant,no-call,no-call,no-call,resistant,resistant,no-call,no-call,sensitive,no-call,sensitive
ls1034,no-call,resistant,resistant,resistant,resistant,resistant,resistant,resistant,resistant,resistant,resistant,resistant,sensitive,resistant,resistant,resistant
sudhl16,resistant,sensitive,resistant,sensitive,sensitive,resistant,sensitive,sensitive,sensitive,resistant,sensitive,sensitive,resistant,sensitive,sensitive,sensitive
ovtoko,sensitive,no-call,resistant,resistant,resistant,sensitive,sensitive,sensitive,no-call,sensitive,no-call,resistant,resistant,no-call,no-call,no-call
786o,no-call,no-call,resistant,resistant,no-call,no-call,resistant,sensitive,sensitive,no-call,sensitive,resistant,resistant,no-call,no-call,resistant
hs695t,sensitive,sensitive,resistant,no-call,resistant,no-call,resistant,sensitive,no-call,resistant,sensitive,no-call,sensitive,resistant,resistant,no-call
eplc272h,sensitive,sensitive,resistant,sensitive,no-call,no-call,no-call,sensitive,no-call,sensitive,sensitive,sensitive,no-call,no-call,no-call,no-call
hcc60ncih23,no-call,no-call,resistant,no-call,sensitive,resistant,resistant,sensitive,sensitive,resistant,sensitive,sensitive,no-call,resistant,no-call,sensitive
sw837,no-call,resistant,resistant,resistant,resistant,sensitive,resistant,resistant,resistant,no-call,resistant,resistant,sensitive,resistant,resistant,no-call
ovcar433,sensitive,no-call,resistant,no-call,no-call,sensitive,resistant,sensitive,no-call,sensitive,sensitive,sensitive,sensitive,no-call,sensitive,no-call
g44,resistant,resistant,resistant,no-call,sensitive,resistant,sensitive,no-call,no-call,resistant,sensitive,sensitive,no-call,sensitive,no-call,resistant
hs766t,no-call,no-call,resistant,resistant,resistant,no-call,no-call,resistant,resistant,resistant,resistant,resistant,sensitive,sensitive,sensitive,resistant
hnt34,resistant,sensitive,sensitive,sensitive,sensitive,no-call,resistant,sensitive,sensitive,no-call,resistant,sensitive,sensitive,resistant,sensitive,sensitive
mhhes1,no-call,no-call,resistant,sensitive,no-call,resistant,no-call,sensitive,sensitive,,sensitive,sensitive,resistant,no-call,sensitive,sensitive
skmel24,no-call,resistant,no-call,resistant,no-call,no-call,resistant,no-call,no-call,no-call,sensitive,resistant,sensitive,resistant,resistant,resistant
mdamb175vii,no-call,resistant,resistant,resistant,resistant,sensitive,resistant,resistant,resistant,sensitive,resistant,resistant,no-call,resistant,resistant,resistant
skm1,sensitive,sensitive,resistant,no-call,sensitive,resistant,no-call,sensitive,sensitive,resistant,resistant,sensitive,sensitive,resistant,sensitive,sensitive
hcc2302,no-call,resistant,resistant,resistant,resistant,no-call,resistant,resistant,resistant,resistant,no-call,resistant,no-call,resistant,resistant,resistant
